[
  {
    "department": "kessler",
    "relatedTo": "stuff",
    "name": "@react-native-community/async-storage",
    "licensePeriod": "perpetual",
    "material": "material",
    "licenseType": "MIT",
    "link": "https://github.com/react-native-community/react-native-async-storage.git",
    "comment": "1.8.1"
  },
  {
    "department": "kessler",
    "relatedTo": "stuff",
    "name": "@react-native-community/masked-view",
    "licensePeriod": "perpetual",
    "material": "material",
    "licenseType": "MIT",
    "link": "git+https://github.com/react-native-community/react-native-masked-view.git",
    "comment": "0.1.7"
  },
  {
    "department": "kessler",
    "relatedTo": "stuff",
    "name": "@react-native-community/push-notification-ios",
    "licensePeriod": "perpetual",
    "material": "material",
    "licenseType": "MIT",
    "link": "git+https://github.com/react-native-community/push-notification-ios.git",
    "comment": "1.1.0"
  },
  {
    "department": "kessler",
    "relatedTo": "stuff",
    "name": "@react-navigation/bottom-tabs",
    "licensePeriod": "perpetual",
    "material": "material",
    "licenseType": "MIT",
    "link": "https://github.com/react-navigation/react-navigation/tree/master/packages/bottom-tabs",
    "comment": "5.2.2"
  },
  {
    "department": "kessler",
    "relatedTo": "stuff",
    "name": "@react-navigation/native",
    "licensePeriod": "perpetual",
    "material": "material",
    "licenseType": "MIT",
    "link": "https://github.com/react-navigation/react-navigation/tree/master/packages/native",
    "comment": "5.1.1"
  },
  {
    "department": "kessler",
    "relatedTo": "stuff",
    "name": "@react-navigation/stack",
    "licensePeriod": "perpetual",
    "material": "material",
    "licenseType": "MIT",
    "link": "https://github.com/react-navigation/react-navigation/tree/master/packages/stack",
    "comment": "5.2.3"
  },
  {
    "department": "kessler",
    "relatedTo": "stuff",
    "name": "mobx",
    "licensePeriod": "perpetual",
    "material": "material",
    "licenseType": "MIT",
    "link": "git+https://github.com/mobxjs/mobx.git",
    "comment": "5.15.4"
  },
  {
    "department": "kessler",
    "relatedTo": "stuff",
    "name": "mobx-react",
    "licensePeriod": "perpetual",
    "material": "material",
    "licenseType": "MIT",
    "link": "git+https://github.com/mobxjs/mobx-react.git",
    "comment": "6.1.8"
  },
  {
    "department": "kessler",
    "relatedTo": "stuff",
    "name": "react",
    "licensePeriod": "perpetual",
    "material": "material",
    "licenseType": "MIT",
    "link": "git+https://github.com/facebook/react.git",
    "comment": "16.9.0"
  },
  {
    "department": "kessler",
    "relatedTo": "stuff",
    "name": "react-native",
    "licensePeriod": "perpetual",
    "material": "material",
    "licenseType": "MIT",
    "link": "git+ssh://git@github.com/facebook/react-native.git",
    "comment": "0.61.5"
  },
  {
    "department": "kessler",
    "relatedTo": "stuff",
    "name": "react-native-appearance",
    "licensePeriod": "perpetual",
    "material": "material",
    "licenseType": "MIT",
    "link": "git+https://github.com/expo/react-native-appearance.git",
    "comment": "0.3.3"
  },
  {
    "department": "kessler",
    "relatedTo": "stuff",
    "name": "react-native-gesture-handler",
    "licensePeriod": "perpetual",
    "material": "material",
    "licenseType": "MIT",
    "link": "git+https://github.com/software-mansion/react-native-gesture-handler.git",
    "comment": "1.6.1"
  },
  {
    "department": "kessler",
    "relatedTo": "stuff",
    "name": "react-native-open-maps",
    "licensePeriod": "perpetual",
    "material": "material",
    "licenseType": "MIT",
    "link": "git+https://github.com/brh55/react-native-open-maps.git",
    "comment": "0.3.5"
  },
  {
    "department": "kessler",
    "relatedTo": "stuff",
    "name": "react-native-push-notification",
    "licensePeriod": "perpetual",
    "material": "material",
    "licenseType": "MIT",
    "link": "git+ssh://git@github.com/zo0r/react-native-push-notification.git",
    "comment": "3.1.9"
  },
  {
    "department": "kessler",
    "relatedTo": "stuff",
    "name": "react-native-reanimated",
    "licensePeriod": "perpetual",
    "material": "material",
    "licenseType": "MIT",
    "link": "git+https://github.com/software-mansion/react-native-reanimated.git",
    "comment": "1.7.0"
  },
  {
    "department": "kessler",
    "relatedTo": "stuff",
    "name": "react-native-safe-area-context",
    "licensePeriod": "perpetual",
    "material": "material",
    "licenseType": "MIT",
    "link": "git+https://github.com/th3rdwave/react-native-safe-area-context.git",
    "comment": "0.7.3"
  },
  {
    "department": "kessler",
    "relatedTo": "stuff",
    "name": "react-native-screens",
    "licensePeriod": "perpetual",
    "material": "material",
    "licenseType": "MIT",
    "link": "git+https://github.com/kmagiera/react-native-screens.git",
    "comment": "2.4.0"
  },
  {
    "department": "kessler",
    "relatedTo": "stuff",
    "name": "react-native-snap-carousel",
    "licensePeriod": "perpetual",
    "material": "material",
    "licenseType": "BSD-3-Clause",
    "link": "github.com/archriss/react-native-snap-carousel",
    "comment": "3.8.4"
  },
  {
    "department": "kessler",
    "relatedTo": "stuff",
    "name": "react-native-store-review",
    "licensePeriod": "perpetual",
    "material": "material",
    "licenseType": "MIT",
    "link": "git://github.com/oblador/react-native-store-review.git",
    "comment": "0.1.5"
  },
  {
    "department": "kessler",
    "relatedTo": "stuff",
    "name": "react-native-svg",
    "licensePeriod": "perpetual",
    "material": "material",
    "licenseType": "MIT",
    "link": "git+https://github.com/react-native-community/react-native-svg.git",
    "comment": "11.0.1"
  },
  {
    "department": "kessler",
    "relatedTo": "stuff",
    "name": "react-native-svg-transformer",
    "licensePeriod": "perpetual",
    "material": "material",
    "licenseType": "MIT",
    "link": "git+https://github.com/kristerkari/react-native-svg-transformer.git",
    "comment": "0.14.3"
  },
  {
    "department": "kessler",
    "relatedTo": "stuff",
    "name": "react-navigation",
    "licensePeriod": "perpetual",
    "material": "material",
    "licenseType": "MIT",
    "link": "git+ssh://git@github.com/react-navigation/react-navigation.git",
    "comment": "4.3.2"
  },
  {
    "department": "kessler",
    "relatedTo": "stuff",
    "name": "react-navigation-stack",
    "licensePeriod": "perpetual",
    "material": "material",
    "licenseType": "MIT",
    "link": "git+https://github.com/react-navigation/react-navigation-stack.git",
    "comment": "2.3.4"
  },
  {
    "department": "kessler",
    "relatedTo": "stuff",
    "name": "styled-components",
    "licensePeriod": "perpetual",
    "material": "material",
    "licenseType": "MIT",
    "link": "git+https://github.com/styled-components/styled-components.git",
    "comment": "5.0.1"
  },
  {
    "department": "kessler",
    "relatedTo": "stuff",
    "name": "@babel/core",
    "licensePeriod": "perpetual",
    "material": "material",
    "licenseType": "MIT",
    "link": "https://github.com/babel/babel/tree/master/packages/babel-core",
    "comment": "7.9.0"
  },
  {
    "department": "kessler",
    "relatedTo": "stuff",
    "name": "@babel/runtime",
    "licensePeriod": "perpetual",
    "material": "material",
    "licenseType": "MIT",
    "link": "git+https://github.com/babel/babel.git",
    "comment": "7.9.2"
  },
  {
    "department": "kessler",
    "relatedTo": "stuff",
    "name": "@react-native-community/eslint-config",
    "licensePeriod": "perpetual",
    "material": "material",
    "licenseType": "MIT",
    "link": "git+ssh://git@github.com/facebook/react-native.git",
    "comment": "0.0.7"
  },
  {
    "department": "kessler",
    "relatedTo": "stuff",
    "name": "babel-jest",
    "licensePeriod": "perpetual",
    "material": "material",
    "licenseType": "MIT",
    "link": "git+https://github.com/facebook/jest.git",
    "comment": "25.1.0"
  },
  {
    "department": "kessler",
    "relatedTo": "stuff",
    "name": "eslint",
    "licensePeriod": "perpetual",
    "material": "material",
    "licenseType": "MIT",
    "link": "git+https://github.com/eslint/eslint.git",
    "comment": "6.8.0"
  },
  {
    "department": "kessler",
    "relatedTo": "stuff",
    "name": "jest",
    "licensePeriod": "perpetual",
    "material": "material",
    "licenseType": "MIT",
    "link": "git+https://github.com/facebook/jest.git",
    "comment": "25.1.0"
  },
  {
    "department": "kessler",
    "relatedTo": "stuff",
    "name": "metro-react-native-babel-preset",
    "licensePeriod": "perpetual",
    "material": "material",
    "licenseType": "MIT",
    "link": "git+ssh://git@github.com/facebook/metro.git",
    "comment": "0.58.0"
  },
  {
    "department": "kessler",
    "relatedTo": "stuff",
    "name": "react-test-renderer",
    "licensePeriod": "perpetual",
    "material": "material",
    "licenseType": "MIT",
    "link": "git+https://github.com/facebook/react.git",
    "comment": "16.9.0"
  }
]
